country,37611122,10.1101/2021.01.27.428390,10.2139/SSRN.4617870,10.2139/ssrn.4938046,25986047,26483118,27573632,29553316,30559133,31296223,31358588,32103124,33146722,33350925,34216470,34551228,35388682,36289202,36894982,37096145,37349311,37640962,37754284,38016502,38092677,38196592,38287365,38352311,38461239,38712186,38746440,39028193,39083679,39136465,39136468,39159629,39159633,39425178,Â 37986920
DRC,No Mutation,No Mutation,No Mutation,No Mutation,No Mutation,No Mutation,No Mutation,No Mutation,No Mutation,No Mutation,No Mutation,No Mutation,No Mutation,No Mutation,No Mutation,No Mutation,No Mutation,No Mutation,No Mutation,No Mutation,No Mutation,No Mutation,No Mutation,R561H,No Mutation,No Mutation,No Mutation,No Mutation,No Mutation,No Mutation,A675V,No Mutation,No Mutation,No Mutation,No Mutation,No Mutation,No Mutation,No Mutation,No Mutation
ERITREA,No Mutation,No Mutation,No Mutation,No Mutation,No Mutation,No Mutation,No Mutation,No Mutation,No Mutation,No Mutation,No Mutation,No Mutation,No Mutation,No Mutation,No Mutation,No Mutation,No Mutation,No Mutation,No Mutation,No Mutation,No Mutation,No Mutation,"R561H, R622I",No Mutation,No Mutation,No Mutation,No Mutation,No Mutation,No Mutation,No Mutation,No Mutation,No Mutation,No Mutation,No Mutation,No Mutation,No Mutation,No Mutation,No Mutation,No Mutation
ETHIOPIA,No Mutation,No Mutation,No Mutation,R622I,M476I,R622I,No Mutation,No Mutation,No Mutation,No Mutation,No Mutation,No Mutation,No Mutation,No Mutation,No Mutation,No Mutation,No Mutation,No Mutation,No Mutation,No Mutation,No Mutation,R622I,No Mutation,No Mutation,No Mutation,No Mutation,R622I,No Mutation,No Mutation,No Mutation,No Mutation,No Mutation,R622I,No Mutation,No Mutation,No Mutation,No Mutation,No Mutation,No Mutation
KENYA,No Mutation,No Mutation,"A675V, R539T",No Mutation,No Mutation,No Mutation,No Mutation,No Mutation,No Mutation,No Mutation,No Mutation,No Mutation,No Mutation,No Mutation,No Mutation,No Mutation,No Mutation,No Mutation,R561H,No Mutation,No Mutation,No Mutation,No Mutation,No Mutation,No Mutation,No Mutation,A675V,No Mutation,No Mutation,No Mutation,No Mutation,No Mutation,No Mutation,No Mutation,No Mutation,No Mutation,No Mutation,C469Y,No Mutation
RWANDA,No Mutation,"C469Y, P574L, R561H",No Mutation,No Mutation,No Mutation,No Mutation,"A675V, P574L",No Mutation,No Mutation,No Mutation,No Mutation,No Mutation,No Mutation,"A675V, R561H","P574L, R561H",No Mutation,No Mutation,No Mutation,No Mutation,R561H,No Mutation,No Mutation,No Mutation,No Mutation,"A675V, R561H","A675V, P574L, R561H",No Mutation,No Mutation,No Mutation,No Mutation,"A675V, P574L, R561H",No Mutation,No Mutation,No Mutation,No Mutation,No Mutation,No Mutation,No Mutation,No Mutation
SOMALIA,No Mutation,R622I,No Mutation,No Mutation,No Mutation,No Mutation,No Mutation,No Mutation,No Mutation,R622I,No Mutation,No Mutation,No Mutation,No Mutation,No Mutation,No Mutation,No Mutation,No Mutation,No Mutation,No Mutation,No Mutation,No Mutation,No Mutation,No Mutation,No Mutation,No Mutation,No Mutation,No Mutation,No Mutation,No Mutation,No Mutation,No Mutation,No Mutation,No Mutation,No Mutation,No Mutation,No Mutation,No Mutation,No Mutation
TANZANIA,No Mutation,No Mutation,No Mutation,No Mutation,No Mutation,No Mutation,No Mutation,No Mutation,No Mutation,No Mutation,No Mutation,R561H,No Mutation,No Mutation,No Mutation,No Mutation,No Mutation,No Mutation,No Mutation,No Mutation,No Mutation,No Mutation,No Mutation,No Mutation,No Mutation,No Mutation,No Mutation,R561H,R622I,No Mutation,"A675V, C469Y, P574L, R561H",No Mutation,No Mutation,No Mutation,No Mutation,"A675V, R561H, R622I",R561H,No Mutation,"A675V, R561H, R622I"
UGANDA,"A675V, C469Y, R561H",No Mutation,No Mutation,No Mutation,No Mutation,No Mutation,No Mutation,"A675V, C469Y","A675V, C469Y",No Mutation,"A675V, C469Y, P574L",No Mutation,"A675V, C469Y",No Mutation,No Mutation,"A675V, C469Y","A675V, C469Y","A675V, C469Y",No Mutation,No Mutation,No Mutation,No Mutation,No Mutation,No Mutation,No Mutation,No Mutation,No Mutation,No Mutation,No Mutation,"A675V, C469Y",R561H,"A675V, C469Y",No Mutation,C469Y,"A675V, C469Y",No Mutation,No Mutation,No Mutation,No Mutation
ZANZIBAR,No Mutation,No Mutation,No Mutation,No Mutation,No Mutation,No Mutation,No Mutation,No Mutation,No Mutation,No Mutation,No Mutation,No Mutation,No Mutation,No Mutation,No Mutation,No Mutation,No Mutation,No Mutation,No Mutation,No Mutation,"I543T, R539T, Y493H",No Mutation,No Mutation,No Mutation,No Mutation,No Mutation,No Mutation,No Mutation,No Mutation,No Mutation,No Mutation,No Mutation,No Mutation,No Mutation,No Mutation,No Mutation,No Mutation,No Mutation,No Mutation
